Path,noche,soleado,nublado,lluvia,neblina,sombras
167\000000000.png,1,1,1,1,1,1
167\000000001.png,1,1,1,1,1,1
167\000000002.png,1,1,1,1,1,1
167\000000003.png,1,1,1,1,1,1
167\000000004.png,1,1,1,1,1,1
167\000000005.png,1,1,1,1,1,1
167\000000006.png,1,1,1,1,1,1
167\000000007.png,1,1,1,1,1,1
167\000000008.png,1,1,1,1,1,1
167\000000009.png,1,1,1,1,1,1
167\000000010.png,1,1,1,1,1,1
167\000000011.png,1,1,1,1,1,1
167\000000012.png,1,1,1,0,1,1
167\000000013.png,1,1,1,1,1,1
167\000000014.png,1,1,1,1,1,1
167\000000015.png,1,1,1,1,1,1
167\000000016.png,1,1,1,1,1,1
167\000000017.png,1,1,1,1,0,1
167\000000018.png,1,1,1,1,1,1
167\000000019.png,1,1,1,1,1,1
167\000000020.png,1,1,1,1,1,1
167\000000021.png,1,1,1,1,1,1
390\000000000.png,1,1,0,1,0,1
390\000000001.png,1,1,0,0,0,1
390\000000002.png,1,1,0,0,0,1
390\000000003.png,1,1,1,1,0,1
390\000000004.png,1,1,1,1,0,1
390\000000005.png,1,1,1,1,1,1
390\000000006.png,1,1,1,0,0,1
390\000000007.png,1,1,1,1,1,1
390\000000008.png,1,1,1,1,1,1
390\000000009.png,1,1,1,1,1,1
390\000000010.png,1,1,1,1,1,1
390\000000011.png,1,1,1,1,1,1
390\000000012.png,1,1,1,1,1,1
390\000000013.png,1,1,1,1,1,1
390\000000014.png,1,1,1,1,1,1
390\000000015.png,1,1,1,1,0,1
390\000000016.png,1,1,1,1,1,1
390\000000017.png,1,1,1,1,1,1
390\000000018.png,1,1,1,1,1,1
390\000000019.png,1,1,1,1,1,1
390\000000020.png,1,1,1,1,1,1
390\000000021.png,1,1,1,1,1,1
391\000000000.png,1,1,1,1,1,1
391\000000001.png,1,1,1,1,1,1
391\000000002.png,1,1,1,1,1,1
391\000000003.png,1,1,1,1,1,1
391\000000004.png,1,1,1,1,1,1
391\000000005.png,1,1,1,1,1,1
391\000000006.png,1,1,1,1,1,1
391\000000007.png,1,1,1,1,1,1
391\000000008.png,1,1,1,1,1,1
391\000000009.png,1,1,1,1,1,1
391\000000010.png,1,1,1,1,1,1
391\000000011.png,1,1,1,1,1,1
391\000000012.png,1,1,1,1,1,1
391\000000013.png,1,1,1,1,1,1
391\000000014.png,1,1,1,1,0,1
391\000000015.png,1,1,1,1,1,1
391\000000016.png,1,1,1,1,1,1
391\000000017.png,1,1,1,1,1,1
391\000000018.png,1,1,1,1,1,1
391\000000019.png,1,1,1,1,1,1
391\000000020.png,1,1,1,1,1,1
391\000000021.png,1,1,1,1,1,1
Dani-Garage-noche-2\000000000.png,1,1,1,1,1,1
Dani-Garage-noche-2\000000001.png,1,1,1,1,1,1
Dani-Garage-noche-2\000000002.png,1,1,1,1,1,1
Dani-Garage-noche-2\000000003.png,1,1,1,1,1,1
Dani-Garage-noche-2\000000004.png,0,1,1,1,1,1
Dani-Garage-noche-2\000000005.png,1,1,1,1,1,1
Dani-Garage-noche-2\000000006.png,1,1,1,1,1,1
Dani-Garage-noche-2\000000007.png,1,1,1,1,1,1
Dani-Garage-noche-2\000000008.png,1,1,1,1,1,1
Dani-Garage-noche-2\000000009.png,1,1,1,1,1,1
Dani-Garage-noche-2\000000010.png,1,1,1,1,1,1
Dani-Garage-noche-2\000000075.png,1,1,1,1,1,1
Dani-Garage-noche-2\000000076.png,1,1,1,1,1,1
Dani-Garage-noche-2\000000077.png,1,1,1,1,1,1
Dani-Garage-noche-2\000000078.png,1,1,1,1,1,1
Dani-Garage-noche-2\000000079.png,1,1,1,1,1,1
Dani-Garage-noche-2\000000080.png,1,1,1,1,1,1
Dani-Garage-noche-2\000000081.png,1,1,1,1,1,1
Dani-Garage-noche-2\000000082.png,1,1,1,1,1,1
Dani-Garage-noche-2\000000083.png,1,1,1,1,1,1
Dani-Garage-noche-2\000000084.png,1,1,1,1,1,1
Dani-Garage-noche-2\000000085.png,1,1,1,1,1,1
Dani-Garage-noche-2\000000086.png,1,1,1,1,1,1
Dani-Garage-noche-2\000000087.png,1,1,1,1,1,1
Dani-Garage-noche-2\000000088.png,1,1,1,1,1,1
Dani-Garage-noche-2\000000089.png,1,1,1,1,1,1
Dani-Garage-noche-2\000000090.png,1,1,1,1,1,1
Dani-Garage-noche-2\000000091.png,1,1,1,1,1,1
Dani-Garage-noche-2\000000092.png,1,1,1,1,1,1
Dani-Garage-noche-2\000000093.png,1,1,1,1,1,1
Dani-Garage-noche-2\000000094.png,1,1,1,1,1,1
Ferry-lluvia-4\000000000.png,1,1,1,1,1,1
Ferry-lluvia-4\000000001.png,1,1,1,1,1,1
Ferry-lluvia-4\000000002.png,1,1,1,1,1,1
Ferry-lluvia-4\000000003.png,1,1,1,1,1,1
Ferry-lluvia-4\000000004.png,1,1,1,1,1,1
Ferry-lluvia-4\000000005.png,1,1,1,1,1,1
Ferry-lluvia-4\000000006.png,1,1,1,1,1,1
Ferry-lluvia-4\000000007.png,1,0,0,1,1,1
Ferry-lluvia-4\000000008.png,1,1,1,1,1,1
Ferry-lluvia-4\000000009.png,1,1,1,1,1,1
Ferry-lluvia-4\000000010.png,1,1,1,1,1,1
Ferry-lluvia-4\000000011.png,1,0,0,1,1,1
Ferry-lluvia-4\000000012.png,1,0,1,1,1,1
Ferry-lluvia-4\000000013.png,1,0,0,1,1,1
Ferry-lluvia-4\000000014.png,1,0,0,1,1,1
Ferry-lluvia-4\000000015.png,1,1,1,1,1,1
Ferry-lluvia-4\000000016.png,1,1,1,1,1,1
Ferry-lluvia-4\000000017.png,1,1,1,1,1,1
Ferry-lluvia-4\000000018.png,1,1,1,1,1,1
Ferry-lluvia-4\000000019.png,1,1,1,1,1,1
Ferry-lluvia-4\000000020.png,1,1,1,1,1,1
Ferry-lluvia-4\000000021.png,1,1,1,1,1,1
Ferry-lluvia-4\000000022.png,1,1,1,1,1,1
Ferry-lluvia-4\000000023.png,1,1,1,1,1,1
Ferry-lluvia-4\000000024.png,1,1,1,1,1,1
Ferry-lluvia-4\000000025.png,1,1,1,1,1,1
Ferry-lluvia-4\000000026.png,1,1,1,1,1,1
Ferry-lluvia-4\000000027.png,1,1,1,1,1,1
Ferry-lluvia-4\000000028.png,1,1,1,1,1,1
Ferry-lluvia-4\000000029.png,1,1,1,1,1,1
Ferry-lluvia-4\000000030.png,1,1,1,1,1,1
Ferry-lluvia-4\000000031.png,1,0,1,1,1,1
Ferry-lluvia-4\000000032.png,1,1,0,1,1,1
Ferry-lluvia-4\000000033.png,1,1,1,1,1,1
Ferry-lluvia-4\000000034.png,1,0,1,1,1,1
Ferry-lluvia-4\000000035.png,1,1,1,1,1,1
Ferry-lluvia-4\000000036.png,1,1,1,1,1,1
Ferry-lluvia-4\000000037.png,1,0,1,1,1,1
Ferry-lluvia-4\000000038.png,1,1,1,0,1,1
Ferry-lluvia-4\000000039.png,1,1,1,1,1,1
Ferry-lluvia-4\000000040.png,1,0,0,1,1,1
Ferry-lluvia-4\000000041.png,1,1,1,1,1,1
Ferry-lluvia-4\000000042.png,1,1,1,0,1,1
Ferry-lluvia-4\000000043.png,1,0,1,1,1,1
Ferry-lluvia-4\000000044.png,1,1,1,1,1,1
Ferry-lluvia-4\000000045.png,1,1,1,0,1,1
Ferry-lluvia-4\000000046.png,1,0,1,1,1,1
Ferry-lluvia-4\000000047.png,1,1,1,1,1,1
Ferry-lluvia-4\000000048.png,1,1,1,0,1,1
Ferry-lluvia-4\000000049.png,1,1,1,1,1,1
Ferry-lluvia-4\000000050.png,1,1,1,1,1,1
Ferry-lluvia-4\000000051.png,1,1,1,1,1,1
Ferry-lluvia-4\000000052.png,1,1,1,1,1,1
Ferry-lluvia-4\000000053.png,1,1,1,1,1,1
Ferry-lluvia-4\000000054.png,1,0,1,1,1,1
Ferry-lluvia-4\000000055.png,1,1,1,0,1,1
Ferry-lluvia-4\000000056.png,1,1,1,0,1,1
Ferry-lluvia-4\000000057.png,1,1,1,1,1,1
Ferry-lluvia-4\000000058.png,1,1,1,1,1,1
Ferry-lluvia-4\000000059.png,1,1,1,1,1,1
Ferry-lluvia-4\000000060.png,1,1,1,1,1,1
Ferry-lluvia-4\000000061.png,1,1,1,1,1,1
Ferry-lluvia-4\000000062.png,1,1,1,1,1,1
Ferry-lluvia-4\000000063.png,1,1,1,0,1,1
Ferry-lluvia-4\000000064.png,1,1,1,0,1,1
Ferry-lluvia-4\000000065.png,1,1,1,0,1,1
Ferry-lluvia-4\000000066.png,1,1,1,1,1,1
Ferry-lluvia-4\000000067.png,1,1,1,0,1,1
Ferry-lluvia-4\000000068.png,1,1,1,1,1,1
Ferry-lluvia-4\000000069.png,1,1,1,1,1,1
Ferry-lluvia-4\000000070.png,1,1,1,0,1,1
Ferry-lluvia-4\000000071.png,1,1,1,0,1,1
Ferry-lluvia-4\000000072.png,1,1,1,1,1,1
Ferry-lluvia-4\000000073.png,1,1,1,1,1,1
Ferry-lluvia-4\000000074.png,1,1,1,1,1,1
Ferry-lluvia-4\000000075.png,1,1,1,1,1,1
Ferry-lluvia-4\000000076.png,1,1,1,1,1,1
Ferry-lluvia-4\000000077.png,1,1,1,1,1,1
Ferry-lluvia-4\000000078.png,1,1,1,1,1,1
Ferry-lluvia-4\000000079.png,1,1,1,1,1,1
Ferry-lluvia-4\000000080.png,1,1,1,1,1,1
Ferry-lluvia-4\000000081.png,1,1,1,1,1,1
Ferry-lluvia-4\000000082.png,1,1,1,1,1,1
Ferry-lluvia-4\000000083.png,1,1,1,1,1,1
Ferry-lluvia-4\000000084.png,1,1,1,1,1,1
Ferry-lluvia-4\000000085.png,1,1,1,1,1,1
Ferry-lluvia-4\000000086.png,1,1,1,1,1,1
Ferry-lluvia-4\000000087.png,1,1,1,1,1,1
Ferry-lluvia-4\000000088.png,1,1,1,1,1,1
Ferry-lluvia-4\000000089.png,1,1,1,1,1,1
Ferry-lluvia-4\000000090.png,1,1,1,1,1,1
Ferry-lluvia-4\000000091.png,1,1,1,1,1,1
Ferry-lluvia-4\000000092.png,1,1,1,1,1,1
fog\foggy-001.jpg,1,1,1,1,0,1
fog\foggy-002.jpg,1,1,1,1,1,1
fog\foggy-003.jpg,1,1,1,1,0,1
fog\foggy-006.jpg,1,1,1,1,1,1
fog\foggy-007.jpg,1,1,1,1,1,1
fog\foggy-008.jpg,1,1,1,1,1,1
fog\foggy-009.jpg,1,1,1,1,0,1
fog\foggy-010.jpg,0,1,1,1,0,1
fog\foggy-011.jpg,1,1,1,1,0,1
fog\foggy-012.jpg,1,1,0,0,0,1
fog\foggy-014.jpg,1,1,1,1,1,1
fog\foggy-015.jpg,1,1,1,1,1,1
fog\foggy-016.jpg,1,1,1,1,0,1
fog\foggy-017.jpg,1,1,1,1,1,1
fog\foggy-018.jpg,1,1,1,1,1,1
fog\foggy-019.jpg,0,1,1,1,0,1
fog\foggy-020.jpg,1,1,1,1,0,1
fog\foggy-022.jpg,1,1,1,1,1,1
fog\foggy-023.jpg,1,1,1,1,1,1
fog\foggy-024.jpg,1,1,1,1,0,1
fog\foggy-025.jpg,1,1,1,1,1,1
fog\foggy-026.jpg,1,1,1,1,0,1
fog\foggy-027.jpg,1,1,1,1,0,1
fog\foggy-028.jpg,1,1,1,1,0,1
fog\foggy-029.jpg,1,1,1,1,1,1
fog\foggy-030.jpg,1,1,1,1,1,1
fog\foggy-031.jpg,1,1,1,1,0,1
fog\foggy-033.jpg,1,1,1,1,0,1
fog\foggy-034.jpg,1,1,1,1,1,1
fog\foggy-035.jpg,1,1,1,1,0,1
fog\foggy-036.jpg,1,1,1,1,0,1
fog\foggy-037.jpg,1,1,1,1,0,1
fog\foggy-038.jpg,1,1,1,1,0,1
fog\foggy-039.jpg,1,1,1,1,0,1
fog\foggy-040.jpg,1,1,1,1,0,1
fog\foggy-041.jpg,1,1,1,0,0,1
fog\foggy-042.jpg,1,1,1,1,1,1
fog\foggy-043.jpg,1,1,1,1,1,1
fog\foggy-044.jpg,1,1,1,1,0,1
fog\foggy-045.jpg,1,1,1,1,1,1
fog\foggy-047.jpg,1,1,1,1,1,1
fog\foggy-048.jpg,1,1,1,1,1,1
fog\foggy-049.jpg,1,1,1,1,0,1
fog\foggy-050.jpg,0,1,1,1,0,1
fog\foggy-051.jpg,0,1,1,1,0,1
fog\foggy-053.jpg,1,1,1,1,1,1
fog\foggy-055.jpg,0,1,1,1,0,1
fog\foggy-056.jpg,0,1,1,1,0,1
fog\foggy-057.jpg,1,1,1,1,1,1
fog\foggy-058.jpg,0,1,1,1,0,1
fog\foggy-059.jpg,1,1,1,1,0,1
fog\foggy-060.jpg,1,1,1,1,0,1
fog\foggy-061.jpg,1,1,1,1,0,1
fog\foggy-062.jpg,1,1,1,1,0,1
fog\foggy-063.jpg,0,1,1,1,0,1
fog\foggy-064.jpg,1,1,1,1,1,1
fog\foggy-065.jpg,1,1,1,1,1,1
fog\foggy-066.jpg,1,1,1,1,1,1
fog\foggy-067.jpg,1,1,1,0,1,1
fog\foggy-068.jpg,0,1,1,1,0,1
fog\foggy-069.jpg,1,1,1,1,0,1
fog\foggy-070.jpg,1,0,1,1,0,1
fog\foggy-072.jpg,1,1,1,1,0,1
fog\foggy-074.jpg,1,1,1,1,1,1
fog\foggy-075.jpg,1,1,1,1,1,1
fog\foggy-076.jpg,1,1,1,1,0,1
fog\foggy-078.jpg,1,1,1,1,0,1
fog\foggy-079.jpg,1,1,1,1,0,1
fog\foggy-080.jpg,1,1,1,1,0,1
fog\foggy-081.jpg,1,1,1,1,0,1
fog\foggy-083.jpg,1,1,1,1,1,1
fog\foggy-084.jpg,1,1,0,0,0,1
fog\foggy-085.jpg,1,1,1,1,1,1
fog\foggy-086.jpg,1,1,1,1,0,1
fog\foggy-087.jpg,1,1,1,0,0,1
fog\foggy-088.jpg,1,1,1,1,1,1
fog\foggy-089.jpg,1,1,1,1,0,1
fog\foggy-090.jpg,0,1,1,1,0,1
fog\foggy-091.jpg,1,1,1,1,0,1
fog\foggy-092.jpg,0,1,1,1,0,1
fog\foggy-093.jpg,1,1,1,1,0,1
fog\foggy-094.jpg,1,1,1,1,1,1
fog\foggy-095.jpg,1,1,1,1,0,1
fog\foggy-096.jpg,1,1,1,1,1,1
fog\foggy-097.jpg,0,1,1,1,0,1
fog\foggy-098.jpg,1,1,1,1,1,1
fog\foggy-099.jpg,1,1,1,1,0,1
fog\foggy-100.jpg,1,1,1,1,1,1
fog\foggy-102.jpg,1,1,1,1,1,1
fog\foggy-103.jpg,0,1,1,1,0,1
fog\foggy-104.jpg,1,1,1,1,0,1
fog\foggy-105.jpg,1,1,1,1,0,1
fog\foggy-106.jpg,1,1,1,1,1,1
fog\foggy-107.jpg,1,1,1,1,1,1
fog\foggy-108.jpg,1,1,1,1,1,1
fog\foggy-109.jpg,1,1,1,1,1,1
fog\foggy-111.jpg,1,1,1,1,1,1
fog\foggy-112.jpg,1,1,1,1,0,1
fog\foggy-113.jpg,1,1,1,1,0,1
fog\foggy-114.jpg,1,1,1,1,0,1
fog\haze-002.jpg,1,1,1,1,0,1
fog\haze-003.jpg,1,1,1,1,0,1
fog\haze-004.jpg,1,1,1,1,1,1
fog\haze-005.jpg,0,1,1,1,0,1
fog\haze-006.jpg,1,1,1,1,0,1
fog\haze-007.jpg,0,1,1,1,0,1
fog\haze-009.jpg,1,1,1,1,0,1
fog\haze-010.jpg,1,1,1,0,0,1
fog\haze-011.jpg,1,1,1,1,0,1
fog\haze-012.jpg,1,1,1,0,1,1
fog\haze-013.jpg,1,1,1,1,0,1
fog\haze-016.jpg,0,1,1,1,0,1
fog\haze-018.jpg,1,1,1,1,0,1
fog\haze-019.jpg,1,1,1,1,0,1
fog\haze-020.jpg,1,1,1,1,0,1
fog\haze-021.jpg,0,1,1,1,0,1
fog\haze-022.jpg,0,1,1,1,0,1
fog\haze-023.jpg,1,1,1,1,0,1
fog\haze-024.jpg,1,1,1,1,0,1
fog\haze-026.jpg,0,1,1,1,0,1
fog\haze-027.jpg,1,0,1,1,0,1
fog\haze-028.jpg,1,1,1,1,0,1
fog\haze-029.jpg,1,1,1,1,0,1
fog\haze-030.jpg,1,1,1,1,1,1
fog\haze-031.jpg,0,1,1,1,0,1
fog\haze-032.jpg,1,1,1,1,0,1
fog\haze-033.jpg,1,1,1,1,1,1
fog\haze-036.jpg,1,1,1,0,0,1
fog\haze-037.jpg,0,1,1,1,1,1
fog\haze-038.jpg,1,1,1,1,0,1
fog\haze-039.jpg,1,1,1,1,0,1
fog\haze-040.jpg,1,1,1,1,0,1
fog\haze-041.jpg,1,0,1,1,0,1
fog\haze-042.jpg,1,1,1,1,0,1
fog\haze-043.jpg,1,1,1,1,0,1
fog\haze-044.jpg,0,1,1,1,0,1
fog\haze-045.jpg,1,1,1,1,0,1
fog\haze-046.jpg,0,1,1,1,0,1
fog\haze-048.jpg,1,1,1,1,0,1
fog\haze-049.jpg,0,1,1,1,0,1
fog\haze-050.jpg,0,1,1,1,0,1
fog\haze-051.jpg,1,1,1,1,1,1
fog\haze-053.jpg,1,1,1,1,0,1
fog\haze-054.jpg,1,1,1,1,1,1
fog\haze-056.jpg,1,1,1,1,0,1
fog\haze-057.jpg,1,0,1,1,0,1
fog\haze-058.jpg,1,1,1,1,0,1
fog\haze-059.jpg,1,1,1,0,0,1
fog\haze-060.jpg,1,1,1,1,0,1
fog\haze-061.jpg,0,1,1,1,0,1
fog\haze-063.jpg,1,1,1,1,0,1
fog\haze-065.jpg,1,1,1,1,0,1
fog\haze-066.jpg,1,1,1,1,1,1
fog\haze-067.jpg,1,1,1,1,1,1
fog\haze-068.jpg,1,1,1,1,0,1
fog\haze-069.jpg,1,1,1,1,1,1
fog\haze-071.jpg,1,1,1,1,1,1
fog\haze-072.jpg,0,1,1,1,0,1
fog\haze-074.jpg,1,1,0,0,0,1
fog\haze-075.jpg,1,1,1,1,0,1
fog\haze-077.jpg,1,1,1,1,1,1
fog\haze-078.jpg,1,1,1,1,1,1
fog\haze-080.jpg,1,1,1,1,0,1
fog\haze-081.jpg,1,1,1,1,0,1
fog\haze-082.jpg,1,1,1,1,1,1
fog\haze-084.jpg,1,1,1,1,0,1
fog\haze-085.jpg,0,1,1,1,0,1
fog\haze-086.jpg,1,1,1,1,0,1
fog\haze-087.jpg,1,1,1,1,1,1
fog\haze-088.jpg,1,1,1,1,0,1
fog\haze-090.jpg,0,1,1,1,0,1
fog\haze-091.jpg,1,1,1,1,1,1
fog\haze-092.jpg,1,1,1,1,1,1
fog\haze-093.jpg,1,1,1,1,0,1
fog\haze-094.jpg,1,1,1,1,1,1
fog\haze-095.jpg,1,1,1,1,0,1
fog\haze-096.jpg,1,1,1,1,0,1
fog\haze-097.jpg,1,1,1,1,0,1
fog\haze-098.jpg,1,1,1,1,1,1
fog\haze-099.jpg,0,1,1,1,0,1
fog\haze-100.jpg,1,1,1,1,0,1
fog\haze-101.jpg,1,1,1,1,0,1
fog\haze-102.jpg,1,0,1,1,0,1
fog\haze-103.jpg,1,1,1,1,0,1
fog\haze-104.jpg,0,1,1,1,0,1
fog\haze-105.jpg,1,1,1,1,0,1
fog\haze-106.jpg,1,1,0,1,0,1
fog\haze-109.jpg,1,1,1,1,0,1
fog\haze-110.jpg,1,1,1,1,1,1
fog\haze-111.jpg,0,1,1,0,0,1
fog\haze-112.jpg,1,1,1,1,1,1
fog\haze-115.jpg,1,1,1,1,0,1
fog\haze-119.jpg,1,1,1,1,1,1
fog\haze-120.jpg,1,1,1,1,0,1
fog\haze-121.jpg,1,1,1,1,0,1
fog\haze-122.jpg,1,1,1,1,1,1
fog\haze-124.jpg,1,1,1,1,1,1
fog\haze-126.jpg,1,1,0,1,0,1
fog\haze-128.jpg,1,1,1,1,0,1
fog\haze-129.jpg,1,1,1,1,0,1
fog\haze-130.jpg,1,1,1,1,1,1
fog\haze-132.jpg,1,1,1,1,1,1
fog\haze-134.jpg,0,1,1,1,0,1
fog\haze-135.jpg,0,1,1,1,0,1
fog\haze-136.jpg,1,1,1,1,0,1
fog\haze-139.jpg,1,1,1,1,0,1
fog\haze-141.jpg,1,1,1,1,0,1
fog\haze-142.jpg,0,1,1,1,0,1
fog\haze-145.jpg,1,1,1,1,1,1
fog\haze-148.jpg,1,1,1,1,0,1
fog\haze-149.jpg,1,1,1,1,1,1
fog\haze-150.jpg,1,1,1,1,1,1
fog\mist-001.jpg,1,1,1,1,0,1
fog\mist-002.jpg,1,1,1,1,1,1
fog\mist-003.jpg,1,1,1,1,1,1
fog\mist-009.jpg,1,1,1,1,0,1
fog\mist-015.jpg,1,1,1,1,0,1
fog\mist-019.jpg,1,1,1,1,1,1
fog\mist-020.jpg,1,1,1,1,0,1
fog\mist-021.jpg,1,1,1,1,1,1
fog\mist-023.jpg,1,1,1,1,0,1
fog\mist-024.jpg,1,1,1,1,0,1
fog\mist-027.jpg,1,1,1,1,0,1
fog\mist-030.jpg,1,1,1,1,1,1
fog\mist-033.jpg,1,1,1,1,0,1
fog\mist-034.jpg,1,1,1,1,1,1
fog\mist-035.jpg,1,1,1,1,1,1
fog\mist-039.jpg,1,1,1,1,1,1
fog\mist-041.jpg,0,1,1,1,0,1
fog\mist-042.jpg,1,1,1,1,1,1
fog\mist-043.jpg,1,1,1,1,0,1
fog\mist-046.jpg,1,1,1,1,0,1
fog\mist-048.jpg,0,1,1,1,0,1
fog\mist-049.jpg,1,1,1,1,1,1
fog\mist-052.jpg,1,1,1,1,0,1
fog\mist-053.jpg,1,1,1,0,0,1
fog\mist-057.jpg,1,1,1,1,1,1
fog\mist-059.jpg,1,1,1,1,0,1
fog\mist-061.jpg,1,1,1,1,0,1
fog\mist-062.jpg,1,1,1,1,0,1
fog\mist-063.jpg,1,1,1,1,1,1
fog\mist-064.jpg,1,1,1,1,1,1
fog\mist-067.jpg,1,1,1,1,0,1
fog\mist-068.jpg,1,1,1,1,0,1
fog\mist-072.jpg,1,1,1,1,1,1
fog\mist-074.jpg,1,1,1,1,1,1
fog\mist-075.jpg,1,1,1,1,0,1
fog\mist-080.jpg,1,1,1,1,1,1
fog\mist-084.jpg,0,1,1,1,0,1
fog\mist-088.jpg,1,1,1,0,0,1
fog\mist-098.jpg,1,1,1,1,0,1
fog\mist-101.jpg,1,1,1,1,0,1
fog\mist-105.jpg,1,1,1,1,0,1
fog\mist-109.jpg,1,1,1,1,1,1
fog\mist-110.jpg,1,1,1,1,0,1
fog\mist-111.jpg,1,1,1,1,0,1
fog\mist-114.jpg,1,1,1,1,0,1
fog\mist-115.jpg,1,1,1,1,1,1
fog\mist-117.jpg,1,1,1,0,0,1
fog\mist-119.jpg,1,1,1,1,0,1
fog\mist-120.jpg,1,1,1,1,0,1
fog\mist-121.jpg,1,1,1,1,1,1
fog\mist-122.jpg,1,1,1,1,0,1
fog\mist-123.jpg,1,1,1,1,0,1
fog\mist-124.jpg,1,1,1,1,1,1
fog\mist-133.jpg,1,1,1,1,1,1
fog\mist-137.jpg,1,1,1,1,1,1
fog\mist-138.jpg,1,0,1,1,0,1
fog\mist-140.jpg,1,1,1,1,1,1
fog\mist-141.jpg,1,1,1,1,0,1
fog\mist-142.jpg,1,1,1,1,0,1
fog\mist-143.jpg,1,1,1,1,1,1
fog\mist-145.jpg,1,1,1,1,0,1
fog\mist-147.jpg,1,1,1,1,0,1
fog\mist-148.jpg,1,1,1,1,0,1
fog\mist-149.jpg,1,1,1,1,0,1
fog\mist-152.jpg,1,1,1,1,0,1
fog\mist-163.jpg,1,1,1,1,0,1
fog\mist-168.jpg,1,1,1,1,0,1
fog\mist-180.jpg,1,1,1,1,0,1
fog\mist-189.jpg,1,1,1,1,1,1
fog\mist-190.jpg,1,1,1,1,0,1
fog\mist-938.jpg,1,1,1,1,1,1
fog\mist-955.jpg,1,1,0,1,0,1
fog\mist-966.jpg,1,1,1,1,1,1
fog\mist-971.jpg,1,1,1,1,1,1
Garage-Carmen-Noche\000000000.png,1,1,1,1,1,1
Garage-Carmen-Noche\000000001.png,1,1,1,1,1,1
Garage-Carmen-Noche\000000002.png,1,1,1,1,1,1
Garage-Carmen-Noche\000000003.png,1,1,1,1,1,1
Garage-Carmen-Noche\000000004.png,1,1,1,1,1,1
Garage-Carmen-Noche\000000005.png,1,1,1,1,1,1
Garage-Carmen-Noche\000000006.png,1,1,1,1,1,1
Garage-Carmen-Noche\000000007.png,1,1,1,1,1,1
Garage-Carmen-Noche\000000008.png,1,1,1,1,1,1
Garage-Carmen-Noche\000000009.png,1,1,1,1,1,1
Garage-Carmen-Noche\000000010.png,1,1,1,1,1,1
Garage-Carmen-Noche\000000011.png,1,1,1,1,1,1
Garage-Carmen-Noche\000000012.png,1,1,1,1,1,1
Garage-Carmen-Noche\000000013.png,1,1,1,1,1,1
Garage-Carmen-Noche\000000014.png,1,1,1,1,1,1
Garage-Carmen-Noche\000000015.png,1,1,1,1,1,1
Garage-Carmen-Noche\000000016.png,1,1,1,1,1,1
Garage-Carmen-Noche\000000017.png,1,1,1,1,1,1
Garage-Carmen-Noche\000000018.png,1,1,1,1,1,1
Garage-Carmen-Noche\000000019.png,1,1,1,1,1,1
Garage-Carmen-Noche\000000020.png,1,1,1,1,1,1
Garage-Carmen-Noche\000000021.png,1,1,1,1,1,1
Garage-Carmen-Noche\000000022.png,1,1,1,1,1,1
Garage-Carmen-Noche\000000023.png,1,1,1,1,1,1
Garage-Carmen-Noche\000000024.png,1,1,1,1,1,1
Garage-Carmen-Noche\000000025.png,1,1,1,1,1,1
Garage-Carmen-Noche\000000026.png,1,1,1,1,1,1
Garage-Carmen-Noche\000000027.png,1,1,1,1,1,1
Garage-Carmen-Noche\000000028.png,1,1,1,1,1,1
Garage-Carmen-Noche\000000029.png,1,1,1,1,1,1
Garage-Carmen-Noche\000000030.png,1,1,1,1,1,1
Garage-Carmen-Noche\000000031.png,1,1,1,1,1,1
Garage-Carmen-Noche\000000032.png,1,1,1,1,1,1
Garage-Carmen-Noche\000000033.png,1,1,1,1,1,1
Garage-Carmen-Noche\000000034.png,1,1,1,1,1,1
Garage-Carmen-Noche\000000035.png,1,1,1,1,1,1
Garage-Carmen-Noche\000000036.png,1,1,1,1,1,1
Garage-Carmen-Noche\000000037.png,1,1,1,1,1,1
Garage-Carmen-Noche\000000038.png,1,1,1,1,1,1
Garage-Carmen-Noche\000000039.png,1,1,1,1,1,1
Garage-Carmen-Noche\000000040.png,1,1,1,1,1,1
Garage-Carmen-Noche\000000041.png,1,1,1,1,1,1
Garage-Carmen-Noche\000000042.png,1,1,1,1,1,1
Garage-Carmen-Noche\000000043.png,1,1,1,0,1,1
Garage-Carmen-Noche\000000044.png,1,1,1,1,1,1
Garage-Carmen-Noche\000000045.png,1,1,1,1,1,1
Garage-Carmen-Noche\000000046.png,1,1,1,1,1,1
Garage-Carmen-Noche\000000047.png,1,1,1,1,1,1
Garage-Carmen-Noche\000000048.png,1,1,1,1,1,1
Garage-Carmen-Noche\000000049.png,1,1,1,1,1,1
Garage-Carmen-Noche\000000050.png,1,1,1,1,1,1
Garage-Carmen-Noche\000000051.png,1,1,1,1,1,1
Garage-Carmen-Noche\000000052.png,1,1,1,1,1,1
Garage-Carmen-Noche\000000053.png,1,1,1,1,1,1
Garage-Carmen-Noche\000000054.png,1,1,1,1,1,1
Garage-Carmen-Noche\000000055.png,1,1,1,1,1,1
Garage-Carmen-Noche\000000056.png,1,1,1,1,1,1
Garage-Carmen-Noche\000000057.png,1,1,1,1,1,1
Garage-Carmen-Noche\000000058.png,1,1,1,1,1,1
Garage-Carmen-Noche\000000059.png,1,1,1,0,1,1
Garage-Carmen-Noche\000000060.png,1,1,1,1,1,1
Garage-Carmen-Noche\000000061.png,1,1,1,1,1,1
Garage-Carmen-Noche\000000062.png,1,1,1,1,1,1
Garage-Carmen-Noche\000000063.png,1,1,1,1,1,1
Garage-Carmen-Noche\000000064.png,1,1,1,1,1,1
Garage-Carmen-Noche\000000065.png,1,1,1,1,1,1
Garage-Carmen-Noche\000000066.png,1,1,1,1,1,1
Garage-Carmen-Noche\000000067.png,1,1,1,1,1,1
Garage-Carmen-Noche\000000068.png,1,1,1,0,1,1
Garage-Carmen-Noche\000000069.png,1,1,1,1,1,1
Garage-Carmen-Noche\000000070.png,1,1,1,1,1,1
Garage-Carmen-Noche\000000071.png,1,1,1,0,1,1
Garage-Carmen-Noche\000000072.png,1,1,1,1,1,1
Garage-Carmen-Noche\000000073.png,1,1,1,1,1,1
Garage-Carmen-Noche\000000074.png,1,1,1,1,1,1
Garage-Carmen-Noche\000000075.png,1,1,1,1,1,1
Garage-Carmen-Noche\000000076.png,1,1,1,0,1,1
Garage-Carmen-Noche\000000077.png,1,1,1,1,1,1
Garage-Carmen-Noche\000000078.png,1,1,1,1,1,1
Garage-Carmen-Noche\000000079.png,1,1,1,1,1,1
Garage-Carmen-Noche\000000080.png,1,1,1,1,1,1
Garage-Carmen-Noche\000000081.png,1,1,1,1,1,1
Garage-Carmen-Noche\000000082.png,1,1,1,1,1,1
Garage-Carmen-Noche\000000083.png,1,1,1,1,1,1
Garage-Carmen-Noche\000000084.png,1,1,1,1,1,1
Garage-Carmen-Noche\000000085.png,1,1,1,1,1,1
Garage-Carmen-Noche\000000086.png,1,1,1,1,1,1
Garage-Carmen-Noche\000000087.png,1,1,1,1,1,1
Garage-Carmen-Noche\000000088.png,1,1,1,1,1,1
Garage-Carmen-Noche\000000089.png,1,1,1,1,1,1
Garage-Carmen-Noche\000000090.png,1,1,1,1,1,1
Garage-Carmen-Noche\000000091.png,1,1,1,0,1,1
Garage-Carmen-Noche\000000092.png,1,1,1,1,1,1
Garage-Carmen-Noche\000000093.png,1,1,1,1,1,1
Garage-Carmen-Noche\000000094.png,1,1,1,1,1,1
Garage-Carmen-Noche\000000095.png,1,1,1,1,1,1
Garage-Carmen-Noche\000000096.png,1,1,1,1,1,1
Garage-Carmen-Noche\000000097.png,1,1,1,1,1,1
Garage-Carmen-Noche\000000098.png,1,1,1,1,1,1
Garage-Carmen-Noche\000000099.png,1,1,1,1,1,1
Garage-Carmen-Noche\000000100.png,1,1,1,1,1,1
Garage-Carmen-Noche\000000101.png,1,1,1,1,1,1
Garage-Carmen-Noche\000000102.png,1,1,1,1,1,1
Garage-Carmen-Noche\000000103.png,1,1,1,1,1,1
Garage-Carmen-Noche\000000104.png,1,1,1,1,1,1
Garage-Carmen-Noche\000000105.png,1,1,1,1,1,1
Garage-Carmen-Noche\000000106.png,1,1,1,1,1,1
Garage-Carmen-Noche\000000107.png,1,1,1,1,1,1
Garage-Carmen-Noche\000000108.png,1,1,1,1,1,1
Garage-Carmen-Noche\000000109.png,1,1,1,1,1,1
Garage-Carmen-Noche\000000110.png,1,1,1,1,1,1
Garage-Carmen-Noche\000000111.png,1,1,1,1,1,1
Garage-Carmen-Noche\000000112.png,1,1,1,1,1,1
Garage-Carmen-Noche\000000113.png,1,1,1,1,1,1
Garage-Carmen-Noche\000000114.png,1,1,1,1,1,1
Garage-Carmen-Noche\000000115.png,1,1,1,1,1,1
Garage-Carmen-Noche\000000116.png,1,1,1,1,1,1
Garage-Carmen-Noche\000000117.png,1,1,1,1,1,1
Garage-Carmen-Noche\000000118.png,1,1,1,1,1,1
Garage-Carmen-Noche\000000119.png,1,1,1,1,1,1
Garage-Carmen-Noche\000000120.png,1,1,1,1,1,1
Garage-Carmen-Noche\000000121.png,1,1,1,1,1,1
Garage-Carmen-Noche\000000122.png,1,1,1,1,1,1
Garage-Carmen-Noche\000000123.png,1,1,1,1,1,1
Garage-Carmen-Noche\000000124.png,1,1,1,1,1,1
Garage-Carmen-Noche\000000125.png,1,1,1,1,1,1
Garage-Carmen-Noche\000000126.png,1,1,1,1,1,1
Garage-Carmen-Noche\000000127.png,1,1,1,1,1,1
Garage-Carmen-Noche\000000128.png,1,1,1,1,1,1
Garage-Carmen-Noche\000000129.png,1,1,1,1,1,1
Garage-Carmen-Noche\000000130.png,1,1,1,1,1,1
Garage-Carmen-Noche\000000131.png,1,1,1,1,1,1
Garage-Carmen-Noche\000000132.png,1,1,1,1,1,1
Garage-Carmen-Noche\000000133.png,1,1,1,1,1,1
Garage-Carmen-Noche\000000134.png,1,1,1,1,1,1
Garage-Carmen-Noche\000000135.png,1,1,1,1,1,1
Garage-Carmen-Noche\000000136.png,1,1,1,1,1,1
Garage-Carmen-Noche\000000137.png,1,1,1,1,1,1
Garage-Carmen-Noche\000000138.png,1,1,1,1,1,1
Garage-Carmen-Noche\000000139.png,1,1,1,1,1,1
Garage-Carmen-Noche\000000140.png,1,1,1,1,1,1
Garage-Carmen-Noche\000000141.png,1,1,1,1,1,1
Garage-Carmen-Noche\000000142.png,1,1,1,1,1,1
Garage-Carmen-Noche\000000143.png,1,1,1,1,1,1
Garage-Carmen-Noche\000000144.png,1,1,1,1,1,1
Garage-Carmen-Noche\000000145.png,1,1,1,1,1,1
Garage-Carmen-Noche\000000146.png,1,1,1,1,1,1
Garage-Carmen-Noche\000000147.png,1,1,1,1,1,1
Garage-Carmen-Noche\000000148.png,1,1,1,1,1,1
Garage-Carmen-Noche\000000149.png,1,1,1,1,1,1
Garage-Carmen-Noche\000000150.png,1,1,1,1,1,1
Garage-Carmen-Noche\000000151.png,1,1,1,1,1,1
Garage-Carmen-Noche\000000152.png,1,1,1,1,1,1
Garage-Carmen-Noche\000000153.png,1,1,1,1,1,1
Garage-Carmen-Noche\000000154.png,1,1,1,1,1,1
Garage-Carmen-Noche\000000155.png,1,1,1,1,1,1
Garage-Carmen-Noche\000000156.png,1,1,1,1,1,1
Garage-Carmen-Noche\000000157.png,1,1,1,1,1,1
Garage-Carmen-Noche\000000158.png,1,1,1,1,1,1
Garage-Carmen-Noche\000000159.png,1,1,1,1,1,1
Garage-Carmen-Noche\000000160.png,1,1,1,1,1,1
Garage-Carmen-Noche\000000161.png,1,1,1,1,1,1
Garage-Carmen-Noche\000000162.png,1,1,1,1,1,1
Garage-Carmen-Noche\000000163.png,1,1,1,1,1,1
Garage-Carmen-Noche\000000164.png,1,1,1,1,1,1
Garage-Carmen-Noche\000000165.png,1,1,1,1,1,1
Garage-Carmen-Noche\000000166.png,1,1,1,1,1,1
Garage-Carmen-Noche\000000167.png,1,1,1,1,1,1
Garage-Carmen-Noche\000000168.png,1,1,1,1,1,1
Garage-Carmen-Noche\000000169.png,1,1,1,1,1,1
Garage-Carmen-Noche\000000170.png,1,1,1,1,1,1
Garage-Carmen-Noche\000000171.png,1,1,1,1,1,1
Garage-Carmen-Noche\000000172.png,1,1,1,1,1,1
Garage-Carmen-Noche\000000173.png,1,1,1,1,1,1
Garage-Carmen-Noche\000000174.png,1,1,1,1,1,1
Garage-Carmen-Noche\000000175.png,1,1,1,1,1,1
Garage-Carmen-Noche\000000176.png,1,1,1,1,1,1
Garage-Carmen-Noche\000000177.png,1,1,1,1,1,1
Garage-Carmen-Noche\000000178.png,1,1,1,1,1,1
Garage-Carmen-Noche\000000179.png,1,1,1,1,1,1
Garage-Carmen-Noche\000000180.png,1,1,1,1,1,1
Garage-Carmen-Noche\000000181.png,1,1,1,1,1,1
Garage-Carmen-Noche\000000182.png,1,1,1,1,1,1
Garage-Carmen-Noche\000000183.png,1,1,1,1,1,1
Garage-Carmen-Noche\000000184.png,1,1,1,1,1,1
Garage-Carmen-Noche\000000185.png,1,1,1,1,1,1
Garage-Carmen-Noche\000000186.png,1,1,1,1,1,1
Garage-Carmen-Noche\000000187.png,1,1,1,1,1,1
Garage-Carmen-Noche\000000188.png,1,1,1,1,1,1
Garage-Carmen-Noche\000000189.png,1,1,1,1,1,1
Garage-Carmen-Noche\000000190.png,1,1,1,1,1,1
Garage-Carmen-Noche\000000191.png,1,1,1,1,1,1
Garage-Carmen-Noche\000000192.png,1,1,1,1,1,1
Garage-Carmen-Noche\000000193.png,1,1,1,1,1,1
Garage-Carmen-Noche\000000194.png,1,1,1,1,1,1
Garage-Carmen-Noche\000000195.png,1,1,1,1,1,1
Garage-Carmen-Noche\000000196.png,1,1,1,1,1,1
Garage-Carmen-Noche\000000197.png,1,1,1,1,1,1
Garage-Carmen-Noche\000000198.png,1,1,1,1,1,1
Garage-Carmen-Noche\000000199.png,1,1,1,1,1,1
Garage-Carmen-Noche\000000200.png,1,1,1,1,1,1
Garage-Carmen-Noche\000000201.png,1,1,1,1,1,1
Garage-Carmen-Noche\000000202.png,1,1,1,1,1,1
Garage-Carmen-Noche\000000203.png,1,1,1,1,1,1
Garage-Carmen-Noche\000000204.png,1,1,1,1,1,1
Garage-Carmen-Noche\000000205.png,1,1,1,1,1,1
Garage-Carmen-Noche\000000206.png,1,1,1,1,1,1
Garage-Carmen-Noche\000000207.png,1,1,1,1,1,1
Garage-Carmen-Noche\000000208.png,1,1,1,1,1,1
Garage-Carmen-Noche\000000209.png,1,1,1,1,1,1
Garage-Carmen-Noche\000000210.png,1,1,1,1,1,1
Garage-Carmen-Noche\000000211.png,1,1,1,1,1,1
Garage-Carmen-Noche\000000212.png,1,1,1,1,1,1
Garage-Carmen-Noche\000000213.png,1,1,1,1,1,1
Garage-Carmen-Noche\000000214.png,1,1,1,1,1,1
Garage-Carmen-Noche\000000215.png,1,1,1,1,1,1
Garage-Carmen-Noche\000000216.png,1,1,1,1,1,1
Garage-Carmen-Noche\000000217.png,1,1,1,1,1,1
Garage-Carmen-Noche\000000218.png,1,1,1,1,1,1
Garage-Carmen-Noche\000000219.png,1,1,1,1,1,1
Garage-Carmen-Noche\000000220.png,1,1,1,1,1,1
Garage-Carmen-Noche\000000221.png,1,1,1,1,1,1
Garage-Carmen-Noche\000000222.png,1,1,1,1,1,1
Garage-Carmen-Noche\000000223.png,1,1,1,1,1,1
Garage-Carmen-Noche\000000224.png,1,1,1,1,1,1
Garage-Carmen-Noche\000000225.png,1,1,1,1,1,1
Garage-Carmen-Noche\000000226.png,1,1,1,1,1,1
Garage-Carmen-Noche\000000227.png,1,1,1,1,1,1
Garage-Carmen-Noche\000000228.png,1,1,1,1,1,1
Garage-Carmen-Noche\000000229.png,1,1,1,1,1,1
Garage-Carmen-Noche\000000230.png,1,1,1,1,1,1
Garage-Carmen-Noche\000000231.png,1,1,1,1,1,1
Garage-Carmen-Noche\000000232.png,1,1,1,1,1,1
Garage-Carmen-Noche\000000233.png,1,1,1,1,1,1
Garage-Carmen-Noche\000000234.png,1,1,1,1,1,1
Garage-Carmen-Noche\000000235.png,1,1,1,1,1,1
Garage-Carmen-Noche\000000236.png,1,1,1,1,1,1
Garage-Carmen-Noche\000000237.png,1,1,1,1,1,1
Garage-Carmen-Noche\000000238.png,1,1,1,1,1,1
Garage-Carmen-Noche\000000239.png,1,1,1,1,1,1
Garage-Carmen-Noche\000000240.png,1,1,1,1,1,1
Garage-Carmen-Noche\000000241.png,1,1,1,1,1,1
Garage-Carmen-Noche\000000242.png,1,1,1,1,1,1
Garage-Carmen-Noche\000000243.png,1,1,1,1,1,1
Garage-Carmen-Noche\000000244.png,1,1,1,1,1,1
Garage-Carmen-Noche\000000245.png,1,1,1,1,1,1
Garage-Carmen-Noche\000000246.png,1,1,1,1,1,1
Garage-Carmen-Noche\000000247.png,1,1,1,1,1,1
Garage-Carmen-Noche\000000248.png,1,1,1,1,1,1
Garage-Carmen-Noche\000000249.png,1,1,1,1,1,1
Garage-Carmen-Noche\000000250.png,1,1,1,1,1,1
Garage-Carmen-Noche\000000251.png,1,1,1,1,1,1
Garage-Carmen-Noche\000000252.png,1,1,1,1,1,1
Garage-Carmen-Noche\000000253.png,1,1,1,1,1,1
Garage-Carmen-Noche\000000254.png,1,1,1,1,1,1
Garage-Carmen-Noche\000000255.png,1,1,1,1,1,1
Garage-Carmen-Noche\000000256.png,1,1,1,1,1,1
Garage-Carmen-Noche\000000257.png,1,1,1,1,1,1
Garage-Carmen-Noche\000000258.png,1,1,1,1,1,1
Garage-Carmen-Noche\000000259.png,1,1,1,1,1,1
Garage-Carmen-Noche\000000260.png,1,1,1,1,1,1
Garage-Carmen-Noche\000000261.png,1,1,1,1,1,1
Garage-Carmen-Noche\000000262.png,1,1,1,1,1,1
Garage-Carmen-Noche\000000263.png,1,1,1,1,1,1
Garage-Carmen-Noche\000000264.png,1,1,1,1,1,1
Garage-Carmen-Noche\000000265.png,1,1,1,1,1,1
Garage-Carmen-Noche\000000266.png,1,1,1,1,1,1
Garage-Carmen-Noche\000000267.png,1,1,1,1,1,1
Garage-Carmen-Noche\000000268.png,1,1,1,1,1,1
Garage-Carmen-Noche\000000269.png,1,1,1,1,1,1
Garage-Carmen-Noche\000000270.png,1,1,1,1,1,1
Garage-Carmen-Noche\000000271.png,1,1,1,1,1,1
Garage-Carmen-Noche\000000272.png,1,1,1,1,1,1
Garage-Carmen-Noche\000000273.png,1,1,1,1,1,1
Garage-Carmen-Noche\000000274.png,1,1,1,1,1,1
Garage-Carmen-Noche\000000275.png,1,1,1,1,1,1
Garage-Carmen-Noche\000000276.png,1,1,1,1,1,1
Garage-Carmen-Noche\000000277.png,1,1,1,1,1,1
Garage-Carmen-Noche\000000278.png,1,1,1,1,1,1
Garage-Carmen-Noche\000000279.png,1,1,1,1,1,1
Garage-Carmen-Noche\000000280.png,1,1,1,1,1,1
Garage-Carmen-Noche\000000281.png,1,1,1,1,1,1
Garage-Carmen-Noche\000000282.png,1,1,1,1,1,1
Garage-Carmen-Noche\000000283.png,1,1,1,1,1,1
Garage-Carmen-Noche\000000284.png,1,1,1,1,1,1
Garage-Carmen-Noche\000000285.png,1,1,1,1,1,1
Garage-Carmen-Noche\000000286.png,1,1,1,1,1,1
Garage-Carmen-Noche\000000287.png,1,1,1,1,1,1
Garage-Carmen-Noche\000000288.png,1,1,1,1,1,1
Garage-Carmen-Noche\000000289.png,1,1,1,1,1,1
Garage-Carmen-Noche\000000290.png,1,1,1,1,1,1
Garage-Carmen-Noche\000000291.png,1,1,1,1,1,1
Garage-Carmen-Noche\000000292.png,1,1,1,1,1,1
Garage-Carmen-Noche\000000293.png,1,1,1,1,1,1
Garage-Carmen-Noche\000000294.png,1,1,1,1,1,1
Garage-Carmen-Noche\000000295.png,1,1,1,1,1,1
Garage-Carmen-Noche\000000296.png,1,1,1,1,1,1
Garage-Carmen-Noche\000000297.png,1,1,1,1,1,1
Garage-Carmen-Noche\000000298.png,1,1,1,1,1,1
Garage-Carmen-Noche\000000299.png,1,1,1,1,1,1
Garage-Carmen-Noche\000000300.png,1,1,1,1,1,1
Garage-Carmen-Noche\000000301.png,1,1,1,1,1,1
Garage-Carmen-Noche\000000302.png,1,1,1,1,1,1
Garage-Carmen-Noche\000000303.png,1,1,1,1,1,1
Garage-Carmen-Noche\000000304.png,1,1,1,1,1,1
Garage-Carmen-Noche\000000305.png,1,1,1,1,1,1
Garage-Carmen-Noche\000000306.png,1,1,1,1,1,1
Garage-Carmen-Noche\000000307.png,1,1,1,1,1,1
Garage-Carmen-Noche\000000308.png,1,1,1,1,1,1
Garage-Carmen-Noche\000000309.png,1,1,1,1,1,1
Garage-Carmen-Noche\000000310.png,1,1,1,1,1,1
Garage-Carmen-Noche\000000311.png,1,1,1,1,1,1
Garage-Carmen-Noche\000000312.png,1,1,1,1,1,1
Garage-Carmen-Noche\000000313.png,1,1,1,1,1,1
Garage-Carmen-Noche\000000314.png,1,1,1,1,1,1
Garage-Carmen-Noche\000000315.png,1,1,1,1,1,1
Garage-Carmen-Noche\000000316.png,1,1,1,1,1,1
Garage-Carmen-Noche\000000317.png,1,1,1,1,1,1
Garage-Carmen-Noche\000000318.png,1,1,1,1,1,1
Garage-Carmen-Noche\000000319.png,1,1,1,1,1,1
Garage-Carmen-Noche\000000320.png,1,1,1,1,1,1
Garage-Carmen-Noche\000000321.png,1,1,1,1,1,1
Garage-Carmen-Noche\000000322.png,1,1,1,1,1,1
Garage-Carmen-Noche\000000323.png,1,1,1,1,1,1
Garage-Carmen-Noche\000000324.png,1,1,1,1,1,1
Garage-Carmen-Noche\000000325.png,1,1,1,1,1,1
Garage-Carmen-Noche\000000326.png,1,1,1,1,1,1
Garage-Carmen-Noche\000000327.png,1,1,1,1,1,1
Garage-Carmen-Noche\000000328.png,1,1,1,1,1,1
Garage-Intel-Manana\000000350.png,1,1,1,1,1,1
Garage-Intel-Manana\000000351.png,1,1,1,1,1,1
Garage-Intel-Manana\000000352.png,1,1,1,1,1,1
Garage-Intel-Manana\000000353.png,1,1,1,1,1,1
Garage-Intel-Manana\000000354.png,1,1,1,1,1,1
Garage-Intel-Manana\000000355.png,1,1,1,1,1,1
Garage-Intel-Manana\000000356.png,1,1,1,1,1,1
Garage-Intel-Manana\000000357.png,1,1,1,1,1,1
Garage-Intel-Manana\000000358.png,1,0,1,1,1,1
Garage-Intel-Manana\000000359.png,1,1,1,1,1,1
Garage-Intel-Manana\000000360.png,1,1,1,1,1,1
Garage-Intel-Manana\000000361.png,1,1,1,1,1,1
Garage-Intel-Manana\000000362.png,1,1,1,1,1,1
Garage-Intel-Manana\000000363.png,1,1,1,1,1,1
Garage-Intel-Manana\000000364.png,1,1,1,1,1,1
Garage-Intel-Manana\000000365.png,1,1,1,1,1,1
Garage-Intel-Manana\000000366.png,1,1,1,1,1,1
Garage-Intel-Manana\000000367.png,1,1,1,1,1,1
Garage-Intel-Manana\000000368.png,1,1,1,1,1,1
Garage-Intel-Manana\000000369.png,1,1,1,1,1,1
Garage-Intel-Manana\000000370.png,1,1,1,1,1,1
Garage-Intel-Manana\000000371.png,1,1,1,1,1,1
Garage-Intel-Manana\000000372.png,1,1,1,1,1,1
Garage-Intel-Manana\000000373.png,1,1,1,1,1,1
Garage-Intel-Manana\000000374.png,1,1,1,1,1,1
Garage-Intel-Manana\000000375.png,1,1,1,1,1,1
Garage-Intel-Manana\000000376.png,1,1,1,1,1,1
Garage-Intel-Manana\000000377.png,1,1,1,1,1,1
Garage-Intel-Manana\000000378.png,1,1,1,1,1,1
Garage-Intel-Manana\000000379.png,1,1,1,1,1,1
Garage-Intel-Manana\000000380.png,1,1,1,1,1,1
Garage-Intel-Manana\000000381.png,1,1,1,1,1,1
Garage-Intel-Manana\000000382.png,1,1,1,1,1,1
Garage-Intel-Manana\000000383.png,1,1,1,1,1,1
Garage-Intel-Manana\000000384.png,1,1,1,1,1,1
Garage-Intel-Manana\000000385.png,1,1,1,1,1,1
Garage-Intel-Manana\000000386.png,1,1,1,1,1,1
Garage-Intel-Manana\000000387.png,1,1,1,1,1,1
Garage-Intel-Manana\000000388.png,1,1,1,1,1,1
Garage-Intel-Manana\000000389.png,1,1,1,1,1,1
Garage-Intel-Manana\000000390.png,1,1,1,1,1,1
Garage-Intel-Manana\000000391.png,1,1,1,1,1,1
Garage-Intel-Manana\000000392.png,1,1,1,1,1,1
Garage-Intel-Manana\000000393.png,1,1,1,1,1,1
Garage-Intel-Manana\000000394.png,1,1,1,1,1,1
Garage-Intel-Manana\000000395.png,1,1,1,1,1,1
Garage-Intel-Manana\000000396.png,1,1,1,1,1,1
Garage-Intel-Manana\000000397.png,1,1,1,1,1,1
Garage-Intel-Manana\000000398.png,1,1,1,1,1,1
Garage-Intel-Manana\000000399.png,1,1,1,1,1,1
Garage-Intel-Manana\000000400.png,1,1,1,1,1,1
Garage-Intel-Manana\000000401.png,1,1,1,1,1,1
Garage-Intel-Manana\000000402.png,1,1,1,1,1,1
Garage-Intel-Manana\000000403.png,1,1,1,1,1,1
Garage-Intel-Manana\000000404.png,1,1,1,1,1,1
Garage-Intel-Manana\000000405.png,1,1,1,1,1,1
Garage-Intel-Manana\000000406.png,1,1,1,1,1,1
Garage-Intel-Manana\000000407.png,1,1,1,1,1,1
Garage-Intel-Manana\000000408.png,1,1,1,1,1,1
Garage-Intel-Manana\000000409.png,1,1,1,1,1,1
Garage-Intel-Manana\000000410.png,1,1,1,1,1,1
Garage-Intel-Manana\000000411.png,1,1,1,1,1,1
Garage-Intel-Manana\000000412.png,1,0,1,1,1,1
Garage-Intel-Manana\000000413.png,1,1,1,1,1,1
Garage-Intel-Manana\000000414.png,1,1,1,1,1,1
Garage-Intel-Manana\000000415.png,1,1,1,1,1,1
Garage-Intel-Manana\000000416.png,1,1,1,1,1,1
Garage-Intel-Manana\000000417.png,1,1,1,1,1,1
Garage-Intel-Manana\000000418.png,1,1,1,1,1,1
Garage-Intel-Manana\000000419.png,1,1,1,1,1,1
Garage-Intel-Manana\000000420.png,1,1,1,1,1,1
Garage-Intel-Manana\000000421.png,1,1,1,1,1,1
Garage-Intel-Manana\000000422.png,1,1,1,1,1,1
Garage-Intel-Manana\000000423.png,1,1,1,1,1,1
Garage-Intel-Manana\000000424.png,1,1,1,1,1,1
Garage-Intel-Manana\000000425.png,1,1,1,1,1,1
Garage-Intel-Manana\000000426.png,1,1,1,1,1,1
Garage-Intel-Manana\000000427.png,1,1,1,1,1,1
Garage-Intel-Manana\000000428.png,1,1,1,1,1,1
Garage-Intel-Manana\000000429.png,1,1,1,1,1,1
Garage-Intel-Manana\000000430.png,1,1,1,1,1,1
Garage-Intel-Manana\000000431.png,1,1,1,1,1,1
Garage-Intel-Manana\000000432.png,1,1,1,1,1,1
Garage-Intel-Manana\000000433.png,1,1,1,1,1,1
Garage-Intel-Manana\000000434.png,1,1,1,1,1,1
Garage-Intel-Manana\000000435.png,1,1,1,1,1,1
Garage-Intel-Manana\000000436.png,1,1,1,1,1,1
Garage-Intel-Manana\000000437.png,1,1,1,1,1,1
Garage-Intel-Manana\000000438.png,1,1,1,1,1,1
Garage-Intel-Manana\000000439.png,1,1,1,1,1,1
Garage-Intel-Manana\000000440.png,1,1,1,1,1,1
Garage-Intel-Manana\000000441.png,1,1,1,1,1,1
Garage-Intel-Manana\000000442.png,1,1,1,1,1,1
Garage-Intel-Manana\000000443.png,1,1,1,1,1,1
Garage-Intel-Manana\000000444.png,1,1,1,1,1,1
Garage-Intel-Manana\000000445.png,1,1,1,1,1,1
Garage-Intel-Manana\000000446.png,1,1,1,1,1,1
Garage-Intel-Manana\000000447.png,1,1,1,1,1,1
Garage-Intel-Manana\000000448.png,1,1,1,1,1,1
Garage-Intel-Manana\000000449.png,1,1,1,1,1,1
Garage-Intel-Manana\000000450.png,1,1,1,1,1,1
Garage-Intel-Manana\000000451.png,1,1,1,1,1,1
Garage-Intel-Manana\000000452.png,1,1,1,1,1,1
Garage-Intel-Manana\000000453.png,1,1,1,1,1,1
Garage-Intel-Manana\000000454.png,1,1,1,1,1,1
Garage-Intel-Manana\000000455.png,1,1,1,1,1,1
Garage-Intel-Manana\000000456.png,1,1,1,1,1,1
Garage-Intel-Manana\000000457.png,1,1,1,1,1,1
Garage-Intel-Manana\000000458.png,1,1,1,1,1,1
Garage-Intel-Manana\000000459.png,1,1,1,1,1,1
Garage-Intel-Manana\000000460.png,1,1,1,1,1,1
Garage-Intel-Manana\000000461.png,1,1,1,1,1,1
Garage-Intel-Manana\000000462.png,1,1,1,1,1,1
Garage-Intel-Manana\000000463.png,1,1,1,1,1,1
Garage-Intel-Manana\000000464.png,1,1,1,1,1,1
Garage-Intel-Manana\000000465.png,1,1,1,1,1,1
Garage-Intel-Manana\000000466.png,1,1,1,1,1,1
Garage-Intel-Manana\000000467.png,1,1,1,1,1,1
Garage-Intel-Manana\000000468.png,1,1,1,1,1,1
Garage-Intel-Manana\000000469.png,1,1,1,1,1,1
Garage-Intel-Manana\000000470.png,1,1,1,1,1,1
Garage-Intel-Manana\000000471.png,1,1,1,1,1,1
Garage-Intel-Manana\000000472.png,1,1,1,1,1,1
Garage-Intel-Manana\000000473.png,1,1,1,1,1,1
Garage-Intel-Manana\000000474.png,1,1,1,1,1,1
Garage-Intel-Manana\000000475.png,1,1,1,1,1,1
Garage-Intel-Manana\000000476.png,1,1,1,1,1,1
Garage-Intel-Manana\000000477.png,1,1,1,1,1,1
Garage-Intel-Manana\000000478.png,1,1,1,1,1,1
Garage-Intel-Manana\000000479.png,1,1,1,1,1,1
Garage-Intel-Manana\000000480.png,1,1,1,1,1,1
Garage-Intel-Manana\000000481.png,1,1,1,1,1,1
Garage-Intel-Manana\000000482.png,1,1,1,1,1,1
Garage-Intel-Manana\000000483.png,1,1,1,1,1,1
Garage-Intel-Manana\000000484.png,1,1,1,1,1,1
Garage-Intel-Manana\000000485.png,1,1,1,1,1,1
Garage-Intel-Manana\000000486.png,1,1,1,1,1,1
Garage-Intel-Manana\000000487.png,1,1,1,1,1,1
Garage-Intel-Manana\000000488.png,1,1,1,1,1,1
Garage-Intel-Manana\000000489.png,1,1,1,1,1,1
Garage-Intel-Manana\000000490.png,1,1,1,1,1,1
Oxigeno-maxipali-manana\000000000.png,1,1,1,1,1,1
Oxigeno-maxipali-manana\000000001.png,1,1,1,1,1,1
Oxigeno-maxipali-manana\000000002.png,1,1,1,1,1,1
Oxigeno-maxipali-manana\000000003.png,1,1,1,1,1,1
Oxigeno-maxipali-manana\000000004.png,1,1,1,1,1,1
Oxigeno-maxipali-manana\000000005.png,1,1,1,1,1,1
Oxigeno-maxipali-manana\000000006.png,1,1,1,1,1,1
Oxigeno-maxipali-manana\000000007.png,1,1,1,1,1,1
Oxigeno-maxipali-manana\000000008.png,1,1,1,1,1,1
Oxigeno-maxipali-manana\000000009.png,1,1,1,1,1,1
Oxigeno-maxipali-manana\000000010.png,1,1,1,1,1,1
Oxigeno-maxipali-manana\000000011.png,1,1,1,1,1,1
Oxigeno-maxipali-manana\000000012.png,1,1,1,1,1,1
Oxigeno-maxipali-manana\000000013.png,1,1,1,1,1,1
Oxigeno-maxipali-manana\000000014.png,1,1,1,1,1,1
Oxigeno-maxipali-manana\000000015.png,1,1,1,1,1,1
Oxigeno-maxipali-manana\000000016.png,1,1,1,1,1,1
Oxigeno-maxipali-manana\000000017.png,1,1,1,1,1,1
Oxigeno-maxipali-manana\000000018.png,1,1,1,1,1,1
Oxigeno-maxipali-manana\000000019.png,1,1,1,1,1,1
Oxigeno-maxipali-manana\000000020.png,1,1,1,1,1,1
Oxigeno-maxipali-manana\000000021.png,1,1,1,1,1,1
Oxigeno-maxipali-manana\000000022.png,1,1,1,1,1,1
Oxigeno-maxipali-manana\000000023.png,1,1,1,1,1,1
Oxigeno-maxipali-manana\000000024.png,1,1,1,1,1,1
Oxigeno-maxipali-manana\000000025.png,1,1,1,1,1,1
Oxigeno-maxipali-manana\000000026.png,1,1,1,1,1,1
Oxigeno-maxipali-manana\000000027.png,1,1,1,1,1,1
Oxigeno-maxipali-manana\000000028.png,1,1,1,1,1,1
Oxigeno-maxipali-manana\000000029.png,1,1,1,1,1,1
Oxigeno-maxipali-manana\000000030.png,1,1,1,1,1,1
Oxigeno-maxipali-manana\000000031.png,1,1,1,1,1,1
Oxigeno-maxipali-manana\000000032.png,1,1,1,1,1,1
Oxigeno-maxipali-manana\000000033.png,1,1,1,1,1,1
Oxigeno-maxipali-manana\000000034.png,1,1,1,1,1,1
Oxigeno-maxipali-manana\000000035.png,1,1,1,1,1,1
Oxigeno-maxipali-manana\000000036.png,1,1,1,1,1,1
Oxigeno-maxipali-manana\000000037.png,1,1,1,1,1,1
Oxigeno-maxipali-manana\000000038.png,1,1,1,1,1,1
Oxigeno-maxipali-manana\000000039.png,1,1,1,1,1,1
Oxigeno-maxipali-manana\000000040.png,1,1,1,1,1,1
Oxigeno-maxipali-manana\000000041.png,1,1,1,1,1,1
Oxigeno-maxipali-manana\000000042.png,1,1,1,1,1,1
Oxigeno-maxipali-manana\000000043.png,1,1,1,1,1,1
Oxigeno-maxipali-manana\000000044.png,1,1,1,1,1,1
Oxigeno-maxipali-manana\000000045.png,1,1,1,1,1,1
Oxigeno-maxipali-manana\000000046.png,1,1,1,1,1,1
Oxigeno-maxipali-manana\000000047.png,1,1,1,1,1,1
Oxigeno-maxipali-manana\000000048.png,1,1,1,1,1,1
Oxigeno-maxipali-manana\000000049.png,1,1,1,1,1,1
Oxigeno-maxipali-manana\000000050.png,1,1,1,1,1,1
Oxigeno-maxipali-manana\000000051.png,1,1,1,1,1,1
Oxigeno-maxipali-manana\000000052.png,1,1,1,1,1,1
Oxigeno-maxipali-manana\000000053.png,1,1,1,1,1,1
Oxigeno-maxipali-manana\000000054.png,1,1,1,1,1,1
Oxigeno-maxipali-manana\000000055.png,1,1,1,1,1,1
Oxigeno-maxipali-manana\000000056.png,1,1,1,1,1,1
Oxigeno-maxipali-manana\000000057.png,1,1,1,1,1,1
Oxigeno-maxipali-manana\000000058.png,1,1,1,1,1,1
Oxigeno-maxipali-manana\000000059.png,1,1,1,1,1,1
Oxigeno-maxipali-manana\000000060.png,1,1,1,1,1,1
Oxigeno-maxipali-manana\000000061.png,1,1,1,1,1,1
Oxigeno-maxipali-manana\000000062.png,1,1,1,1,1,1
Oxigeno-maxipali-manana\000000063.png,1,1,1,1,1,1
Oxigeno-maxipali-manana\000000064.png,1,1,1,1,1,1
Oxigeno-maxipali-manana\000000065.png,1,1,1,1,1,1
Oxigeno-maxipali-manana\000000066.png,1,1,1,1,1,1
Oxigeno-maxipali-manana\000000067.png,1,1,1,1,1,1
Oxigeno-maxipali-manana\000000068.png,1,1,1,1,1,1
Oxigeno-maxipali-manana\000000069.png,1,1,1,1,1,1
Oxigeno-maxipali-manana\000000070.png,1,1,1,1,1,1
Oxigeno-maxipali-manana\000000071.png,1,1,1,1,1,1
Oxigeno-maxipali-manana\000000072.png,1,1,1,1,1,1
Oxigeno-maxipali-manana\000000073.png,1,1,1,1,1,1
Oxigeno-maxipali-manana\000000074.png,1,1,1,1,1,1
Oxigeno-maxipali-manana\000000075.png,1,1,1,1,1,1
Oxigeno-maxipali-manana\000000076.png,1,1,1,1,1,1
Oxigeno-maxipali-manana\000000077.png,1,1,1,1,1,1
Oxigeno-maxipali-manana\000000078.png,1,1,1,1,1,1
Oxigeno-maxipali-manana\000000079.png,1,1,1,1,1,1
Oxigeno-maxipali-manana\000000080.png,1,1,1,1,1,1
Oxigeno-maxipali-manana\000000081.png,1,1,1,1,1,1
Oxigeno-maxipali-manana\000000082.png,1,1,1,1,1,1
Oxigeno-maxipali-manana\000000083.png,1,1,1,1,1,1
Oxigeno-maxipali-manana\000000084.png,1,1,1,1,1,1
Oxigeno-maxipali-manana\000000085.png,1,1,1,1,1,1
Oxigeno-maxipali-manana\000000086.png,1,1,1,1,1,1
Oxigeno-maxipali-manana\000000087.png,1,1,1,1,1,1
Oxigeno-maxipali-manana\000000088.png,1,1,1,1,1,1
Oxigeno-maxipali-manana\000000089.png,1,1,1,1,1,1
Oxigeno-maxipali-manana\000000090.png,1,1,1,1,1,1
Oxigeno-maxipali-manana\000000091.png,1,1,1,1,1,1
Oxigeno-maxipali-manana\000000092.png,1,1,1,1,1,1
Oxigeno-maxipali-manana\000000093.png,1,1,1,1,1,1
Oxigeno-maxipali-manana\000000094.png,1,1,1,1,1,1
Oxigeno-maxipali-manana\000000095.png,1,1,1,1,1,1
Oxigeno-maxipali-manana\000000096.png,1,1,1,1,1,1
Oxigeno-maxipali-manana\000000097.png,1,1,1,1,1,1
Oxigeno-maxipali-manana\000000098.png,1,1,1,1,1,1
Oxigeno-maxipali-manana\000000099.png,1,1,1,1,1,1
Oxigeno-maxipali-manana\000000100.png,1,1,1,1,1,1
Oxigeno-maxipali-manana\000000101.png,1,1,1,1,1,1
Oxigeno-maxipali-manana\000000102.png,1,1,1,1,1,1
Oxigeno-maxipali-manana\000000103.png,1,1,1,1,1,1
Oxigeno-maxipali-manana\000000104.png,1,1,1,1,1,1
Oxigeno-maxipali-manana\000000105.png,1,1,1,1,1,1
Oxigeno-maxipali-manana\000000106.png,1,1,1,1,1,1
Oxigeno-maxipali-manana\000000107.png,1,1,1,1,1,1
Oxigeno-maxipali-manana\000000108.png,1,1,1,1,1,1
Oxigeno-maxipali-manana\000000109.png,1,1,1,1,1,1
Oxigeno-maxipali-manana\000000110.png,1,1,1,1,1,1
Oxigeno-maxipali-manana\000000111.png,1,1,1,1,1,1
Oxigeno-maxipali-manana\000000112.png,1,1,1,1,1,1
Oxigeno-maxipali-manana\000000113.png,1,1,1,1,1,1
Oxigeno-maxipali-manana\000000114.png,1,1,1,1,1,1
Oxigeno-maxipali-manana\000000115.png,1,1,1,1,1,1
Oxigeno-maxipali-manana\000000116.png,1,1,1,1,1,1
Oxigeno-maxipali-manana\000000117.png,1,1,1,1,1,1
Oxigeno-maxipali-manana\000000118.png,1,1,1,1,1,1
Oxigeno-maxipali-manana\000000119.png,1,1,1,1,1,1
Oxigeno-maxipali-manana\000000120.png,1,1,1,1,1,1
Oxigeno-maxipali-manana\000000121.png,1,1,1,1,1,1
Oxigeno-maxipali-manana\000000122.png,1,1,1,1,1,1
Oxigeno-maxipali-manana\000000123.png,1,1,1,1,1,1
Oxigeno-maxipali-manana\000000124.png,1,1,1,1,1,1
Oxigeno-maxipali-manana\000000125.png,1,1,1,1,1,1
Oxigeno-maxipali-manana\000000126.png,1,1,1,1,1,1
Oxigeno-maxipali-manana\000000127.png,1,1,1,1,1,1
Oxigeno-maxipali-manana\000000128.png,1,1,1,1,1,1
Oxigeno-maxipali-manana\000000129.png,1,1,1,1,1,1
Oxigeno-maxipali-manana\000000130.png,1,1,1,1,1,1
Oxigeno-maxipali-manana\000000131.png,1,1,1,1,1,1
Oxigeno-maxipali-manana\000000132.png,1,1,1,1,1,1
Oxigeno-maxipali-manana\000000133.png,1,1,1,1,1,1
Oxigeno-maxipali-manana\000000134.png,1,1,1,1,1,1
Oxigeno-maxipali-manana\000000135.png,1,1,1,1,1,1
Oxigeno-maxipali-manana\000000136.png,1,1,1,1,1,1
Oxigeno-maxipali-manana\000000137.png,1,1,1,1,1,1
Oxigeno-maxipali-manana\000000138.png,1,1,1,1,1,1
Oxigeno-maxipali-manana\000000139.png,1,1,1,1,1,1
Oxigeno-maxipali-manana\000000140.png,1,1,1,1,1,1
Oxigeno-maxipali-manana\000000141.png,1,1,1,1,1,1
Oxigeno-maxipali-manana\000000142.png,1,1,1,1,1,1
Oxigeno-maxipali-manana\000000143.png,1,1,1,1,1,1
Oxigeno-maxipali-manana\000000144.png,1,1,1,1,1,1
Oxigeno-maxipali-manana\000000145.png,1,1,1,1,1,1
Oxigeno-maxipali-manana\000000146.png,1,1,1,1,1,1
Oxigeno-maxipali-manana\000000147.png,1,1,1,1,1,1
Oxigeno-maxipali-manana\000000148.png,1,1,1,1,1,1
Oxigeno-maxipali-manana\000000149.png,1,1,1,1,1,1
Oxigeno-maxipali-manana\000000150.png,1,1,1,1,1,1
Oxigeno-maxipali-manana\000000151.png,1,1,1,1,1,1
Oxigeno-maxipali-manana\000000152.png,1,1,1,1,1,1
Oxigeno-maxipali-manana\000000153.png,1,1,1,1,1,1
Oxigeno-maxipali-manana\000000154.png,1,1,1,1,1,1
Oxigeno-maxipali-manana\000000155.png,1,1,1,1,1,1
Oxigeno-maxipali-manana\000000156.png,1,1,1,1,1,1
Oxigeno-maxipali-manana\000000157.png,1,1,1,1,1,1
Oxigeno-maxipali-manana\000000158.png,1,1,1,1,1,1
Oxigeno-maxipali-manana\000000159.png,1,1,1,1,1,1
Oxigeno-maxipali-manana\000000160.png,1,1,1,1,1,1
Oxigeno-maxipali-manana\000000161.png,1,1,1,1,1,1
Oxigeno-maxipali-manana\000000162.png,1,1,1,1,1,1
Oxigeno-maxipali-manana\000000163.png,1,1,1,1,1,1
Oxigeno-maxipali-manana\000000164.png,1,1,1,1,1,1
Oxigeno-maxipali-manana\000000165.png,1,1,1,1,1,1
Oxigeno-maxipali-manana\000000166.png,1,1,1,1,1,1
Oxigeno-maxipali-manana\000000167.png,1,1,1,1,1,1
Oxigeno-maxipali-manana\000000168.png,1,1,1,1,1,1
Oxigeno-maxipali-manana\000000169.png,1,1,1,1,1,1
Oxigeno-maxipali-manana\000000170.png,1,1,1,1,1,1
Oxigeno-maxipali-manana\000000171.png,1,1,1,1,1,1
Oxigeno-maxipali-manana\000000172.png,1,1,1,1,1,1
Oxigeno-maxipali-manana\000000173.png,1,1,1,1,1,1
Oxigeno-maxipali-manana\000000174.png,1,1,1,1,1,1
Oxigeno-maxipali-manana\000000175.png,1,1,1,1,1,1
Oxigeno-maxipali-manana\000000176.png,1,1,1,1,1,1
Oxigeno-maxipali-manana\000000177.png,1,1,1,1,1,1
Oxigeno-maxipali-manana\000000178.png,1,1,1,1,1,1
Oxigeno-maxipali-manana\000000179.png,1,1,1,1,1,1
Oxigeno-maxipali-manana\000000180.png,1,1,1,1,1,1
Oxigeno-maxipali-manana\000000181.png,1,1,1,1,1,1
Oxigeno-maxipali-manana\000000182.png,1,1,1,1,1,1
Oxigeno-maxipali-manana\000000183.png,1,1,1,1,1,1
Oxigeno-maxipali-manana\000000184.png,1,1,1,1,1,1
Oxigeno-maxipali-manana\000000185.png,1,1,1,1,1,1
Oxigeno-maxipali-manana\000000186.png,1,1,1,1,1,1
Oxigeno-maxipali-manana\000000187.png,1,1,1,1,1,1
Oxigeno-maxipali-manana\000000188.png,1,1,1,1,1,1
Oxigeno-maxipali-manana\000000189.png,1,1,1,1,1,1
Oxigeno-maxipali-manana\000000190.png,1,1,1,1,1,1
Oxigeno-maxipali-manana\000000191.png,1,1,1,1,1,1
Oxigeno-maxipali-manana\000000192.png,1,1,1,1,1,1
Oxigeno-maxipali-manana\000000193.png,1,1,1,1,1,1
Oxigeno-maxipali-manana\000000194.png,1,1,1,1,1,1
Oxigeno-maxipali-manana\000000195.png,1,1,1,1,1,1
Oxigeno-maxipali-manana\000000196.png,1,1,1,1,1,1
Oxigeno-maxipali-manana\000000197.png,1,1,1,1,1,1
Oxigeno-maxipali-manana\000000198.png,1,1,1,1,1,1
Oxigeno-maxipali-manana\000000199.png,1,1,1,1,1,1
Oxigeno-maxipali-manana\000000200.png,1,1,1,1,1,1
Oxigeno-maxipali-manana\000000201.png,1,1,1,1,1,1
Oxigeno-maxipali-manana\000000202.png,1,1,1,1,1,1
Oxigeno-maxipali-manana\000000203.png,1,1,1,1,1,1
Oxigeno-maxipali-manana\000000204.png,1,1,1,1,1,1
Oxigeno-maxipali-manana\000000205.png,1,1,1,1,1,1
Oxigeno-maxipali-manana\000000206.png,1,1,1,1,1,1
Oxigeno-maxipali-manana\000000207.png,1,1,1,1,1,1
Oxigeno-maxipali-manana\000000208.png,1,1,1,1,1,1
Oxigeno-maxipali-manana\000000209.png,1,1,1,1,1,1
Oxigeno-maxipali-manana\000000210.png,1,1,1,1,1,1
Oxigeno-maxipali-manana\000000211.png,1,1,1,1,1,1
Oxigeno-maxipali-manana\000000212.png,1,1,1,1,1,1
Oxigeno-maxipali-manana\000000213.png,1,1,1,1,1,1
Oxigeno-maxipali-manana\000000214.png,1,1,1,1,1,1
Oxigeno-maxipali-manana\000000215.png,1,1,1,1,1,1
Oxigeno-maxipali-manana\000000216.png,1,1,1,1,1,1
Oxigeno-maxipali-manana\000000217.png,1,1,1,1,1,1
Oxigeno-maxipali-manana\000000218.png,1,1,1,1,1,1
Oxigeno-maxipali-manana\000000219.png,1,1,1,1,1,1
Oxigeno-maxipali-manana\000000220.png,1,1,1,1,1,1
Oxigeno-maxipali-manana\000000221.png,1,1,1,1,1,1
Oxigeno-maxipali-manana\000000222.png,1,1,1,1,1,1
Oxigeno-maxipali-manana\000000223.png,1,1,1,1,1,1
Oxigeno-maxipali-manana\000000224.png,1,1,1,1,1,1
Oxigeno-maxipali-manana\000000225.png,1,1,1,1,1,1
Oxigeno-maxipali-manana\000000226.png,1,1,1,1,1,1
Oxigeno-maxipali-manana\000000227.png,1,1,1,1,1,1
Oxigeno-maxipali-manana\000000228.png,1,1,1,1,1,1
rain\rain_storm-001.jpg,1,1,1,1,1,1
rain\rain_storm-002.jpg,1,1,1,0,1,1
rain\rain_storm-005.jpg,1,1,1,0,1,1
rain\rain_storm-010.jpg,1,1,1,1,1,1
rain\rain_storm-017.jpg,1,1,1,1,1,1
rain\rain_storm-018.jpg,1,1,0,1,1,1
rain\rain_storm-019.jpg,1,1,1,1,1,1
rain\rain_storm-042.jpg,1,1,1,1,0,1
rain\rain_storm-066.jpg,1,1,1,1,1,1
rain\rain_storm-105.jpg,1,1,1,1,1,1
rain\rain_storm-106.jpg,1,1,1,1,1,1
rain\rain_storm-110.jpg,1,1,1,1,0,1
rain\rain_storm-126.jpg,1,1,1,1,1,1
rain\rain_storm-142.jpg,0,1,1,1,1,1
rain\rain_storm-146.jpg,1,1,1,1,0,1
rain\rain_storm-150.jpg,1,1,1,1,1,1
rain\rain_storm-154.jpg,1,1,0,1,1,1
rain\rain_storm-176.jpg,1,1,1,1,1,1
rain\rain_storm-180.jpg,1,1,1,1,1,1
rain\rain_storm-191.jpg,1,1,1,1,1,1
rain\rain_storm-199.jpg,1,1,1,1,0,1
rain\rain_storm-207.jpg,1,1,0,1,1,1
rain\rain_storm-213.jpg,1,1,0,1,1,1
rain\rain_storm-219.jpg,1,1,0,1,1,1
rain\rain_storm-253.jpg,1,1,1,0,1,1
rain\rain_storm-257.jpg,1,1,0,1,1,1
rain\rain_storm-265.jpg,1,1,1,0,1,1
rain\rain_storm-283.jpg,1,1,1,1,1,1
rain\rain_storm-305.jpg,1,1,1,1,1,1
rain\rain_storm-311.jpg,1,1,1,1,0,1
rain\rain_storm-323.jpg,1,0,1,1,0,1
rain\rain_storm-377.jpg,1,1,0,1,1,1
rain\rain_storm-381.jpg,1,1,1,0,0,1
rain\rain_storm-391.jpg,1,1,1,1,1,1
rain\rain_storm-427.jpg,1,1,1,1,1,1
rain\rain_storm-431.jpg,1,1,0,1,1,1
rain\rain_storm-443.jpg,1,1,1,1,1,1
rain\rain_storm-466.jpg,1,1,1,1,1,1
rain\rain_storm-501.jpg,1,1,1,1,1,1
rain\rain_storm-576.jpg,1,1,1,1,0,1
rain\rain_storm-589.jpg,1,1,1,1,1,1
rain\rain_storm-601.jpg,1,1,1,0,1,1
rain\rain_storm-605.jpg,1,1,1,1,1,1
rain\rain_storm-610.jpg,1,0,0,1,1,1
rain\rain_storm-614.jpg,1,0,1,1,0,1
rain\rain_storm-618.jpg,1,1,1,0,1,1
rain\rain_storm-622.jpg,1,1,1,1,0,1
rain\rain_storm-626.jpg,1,1,1,1,1,1
rain\rain_storm-654.jpg,1,1,0,1,1,1
rain\rain_storm-692.jpg,1,1,1,1,1,1
rain\rain_storm-696.jpg,1,1,0,1,1,1
rain\rain_storm-736.jpg,1,0,1,0,1,1
rain\rain_storm-740.jpg,1,1,0,1,1,1
rain\rain_storm-748.jpg,1,1,0,1,1,1
rain\rain_storm-775.jpg,1,1,1,0,0,1
rain\rain_storm-779.jpg,1,1,1,1,1,1
rain\rain_storm-787.jpg,1,1,0,1,1,1
rain\rain_storm-835.jpg,1,1,1,1,1,1
rain\rain_storm-851.jpg,1,1,1,1,1,1
rain\rain_storm-859.jpg,1,1,1,1,1,1
